<?xml version="1.0" encoding="UTF-8"?>
        <!-- Generated by eXe - http://exelearning.net -->
        <manifest identifier="eXertadaFeria647dbff3278bb0fc771"
        xmlns="http://www.imsglobal.org/xsd/imscp_v1p1"
        xmlns:imsmd="http://www.imsglobal.org/xsd/imsmd_v1p2"
        xmlns:xsi="http://www.w3.org/2001/XMLSchema-instance"
        xmlns:lom="http://ltsc.ieee.org/xsd/LOM"
        xmlns:adlcp="http://www.adlnet.org/xsd/adlcp_rootv1p2"
        
 xsi:schemaLocation="http://www.imsglobal.org/xsd/imscp_v1p1 imscp_v1p1.xsd http://www.imsglobal.org/xsd/imsmd_v1p2 imsmd_v1p2p2.xsd"> 
<metadata> 
 <schema>IMS Content</schema> 
 <schemaversion>1.1.3</schemaversion> 
 <lom:lom><lom:general uniqueElementName="general"><lom:identifier><lom:catalog uniqueElementName="catalog">My Catalog</lom:catalog><lom:entry uniqueElementName="entry">4a7d755e-34a5-410a-a7d4-601881136623</lom:entry></lom:identifier><lom:title><lom:string language="es">SdA Portada de Feria</lom:string></lom:title><lom:language>es</lom:language><lom:description><lom:string language="es">Al alumnado se le propone el siguiente rol: “Imaginamos que somos ingenieros/as de una empresa especializada en iluminación de fantasía. Diseñamos iluminaciones para Navidad, espectáculos, cabalgatas, eventos multitudinarios, ferias, etc.”

Y se le propone el siguiente proyecto: “El ayuntamiento de Jerez ha sacado un concurso-licitación para la próxima portada de la Feria del Caballo. Si presentamos el proyecto y ganamos a los competidores, seremos los encargados de su construcción.”

La tarea tiene que cumplir las siguientes condiciones:

    La portada mide 50 metros de largo por 40 metros de alta, con al menos tres vanos. El diseño debe presentarse en 3D. Escala 1/200
    Debe incluir 8 juegos de luces que se enciendan independientemente.
    Debe incorporarse el diseño de una estructura de fijación. Mismas medidas y escala. En 3D y 2D.
    Elaboración de un portfolio de seguimiento del trabajo realizado.
    Elaborar un documento técnico en formato presentación-web para el ayuntamiento.
    Se debe exponer oralmente como si lo fuésemos a presentar al Concejo Municipal.

Saberes básicos implicados: montaje de circuitos eléctricos, montaje y programación de diseños electrónicos con microcontroladores, técnicas de dibujo en 2D y 3D, cálculos básicos de estructuras, elaboración de documentación técnica, técnicas de exposición oral, publicación de contenidos en internet. </lom:string></lom:description><lom:aggregationLevel uniqueElementName="aggregationLevel"><lom:source uniqueElementName="source">LOM-ESv1.0</lom:source><lom:value uniqueElementName="value">2</lom:value></lom:aggregationLevel></lom:general><lom:lifeCycle><lom:contribute><lom:role uniqueElementName="role"><lom:source uniqueElementName="source">LOM-ESv1.0</lom:source><lom:value uniqueElementName="value">author</lom:value></lom:role><lom:entity>BEGIN:VCARD VERSION:3.0 FN:Aurelio Gallardo Rodríguez EMAIL;TYPE=INTERNET: ORG: END:VCARD</lom:entity><lom:date><lom:dateTime uniqueElementName="dateTime">2023-10-26T09:10:05.00+02:00</lom:dateTime><lom:description><lom:string language="es">Fecha de creación de los metadatos</lom:string></lom:description></lom:date></lom:contribute></lom:lifeCycle><lom:metaMetadata uniqueElementName="metaMetadata"><lom:contribute><lom:role uniqueElementName="role"><lom:source uniqueElementName="source">LOM-ESv1.0</lom:source><lom:value uniqueElementName="value">creator</lom:value></lom:role><lom:entity>BEGIN:VCARD VERSION:3.0 FN:Aurelio Gallardo Rodríguez EMAIL;TYPE=INTERNET: ORG: END:VCARD</lom:entity><lom:date><lom:dateTime uniqueElementName="dateTime">2023-10-26T09:10:05.00+02:00</lom:dateTime><lom:description><lom:string language="es">Fecha de creación de los metadatos</lom:string></lom:description></lom:date></lom:contribute><lom:metadataSchema>LOM-ESv1.0</lom:metadataSchema><lom:language>es</lom:language></lom:metaMetadata><lom:technical uniqueElementName="technical"><lom:otherPlatformRequirements><lom:string language="es">editor: eXe Learning</lom:string></lom:otherPlatformRequirements></lom:technical><lom:educational><lom:learningResourceType><lom:source uniqueElementName="source">LOM-ESv1.0</lom:source><lom:value uniqueElementName="value">real project</lom:value></lom:learningResourceType><lom:intendedEndUserRole><lom:source uniqueElementName="source">LOM-ESv1.0</lom:source><lom:value uniqueElementName="value">learner</lom:value></lom:intendedEndUserRole><lom:intendedEndUserRole><lom:source uniqueElementName="source">LOM-ESv1.0</lom:source><lom:value uniqueElementName="value">group</lom:value></lom:intendedEndUserRole><lom:context><lom:source uniqueElementName="source">LOM-ESv1.0</lom:source><lom:value uniqueElementName="value">presencial</lom:value></lom:context><lom:context><lom:source uniqueElementName="source">LOM-ESv1.0</lom:source><lom:value uniqueElementName="value">classroom</lom:value></lom:context><lom:description><lom:string language="es">CONOCIMIENTO PREVIO: Manejo básico de ordenadores.
Trabajo básico de taller en 2º ESO.
Conocimientos básicos de dibujo técnico y materiales 2º ESO.</lom:string></lom:description><lom:description><lom:string language="es">OBJETIVOS: TYD.3.1.Buscar y seleccionar la información adecuada proveniente de diversas fuentes, de manera crítica y segura, aplicando procesos
de investigación, métodos de análisis de productos y experimentando con herramientas de simulación, para definir problemas
tecnológicos e iniciar procesos de creación de soluciones a partir de la información obtenida.
TYD.3.2.Abordar problemas tecnológicos con autonomía y actitud creativa, aplicando conocimientos interdisciplinares y trabajando de
forma cooperativa y colaborativa, para diseñar y planificar soluciones a un problema o necesidad de forma eficaz, innovadora y
sostenible.
TYD.3.3.Aplicar de forma apropiada y segura distintas técnicas y conocimientos interdisciplinares utilizando operadores, sistemas
tecnológicos y herramientas, teniendo en cuenta la planificación y el diseño previo para construir o fabricar soluciones tecnológicas y
sostenibles que den respuesta a necesidades en diferentes contextos.
TYD.3.4.Describir, representar e intercambiar ideas o soluciones a problemas tecnológicos o digitales, utilizando medios de
representación, simbología y vocabulario adecuados, así como los instrumentos y recursos disponibles, valorando la utilidad de las
herramientas digitales para comunicar y difundir información y propuestas.
TYD.3.5.Desarrollar algoritmos y aplicaciones informáticas en distintos entornos, aplicando los principios del pensamiento computacional
e incorporando las tecnologías emergentes, para crear soluciones a problemas concretos, automatizar procesos y aplicarlos en sistemas
de control o en robótica.
TYD.3.6.Comprender los fundamentos del funcionamiento de los dispositivos y aplicaciones habituales de su entorno digital de
aprendizaje, analizando sus componentes y funciones y ajustándolos a sus necesidades para hacer un uso más eficiente y seguro de los
mismos y para detectar y resolver problemas técnicos sencillos.
TYD.3.7.Hacer un uso responsable y ético de la tecnología, mostrando interés por un desarrollo sostenible, identificando sus
repercusiones y valorando, la contribución de las tecnologías emergentes para identificar las aportaciones y el impacto del desarrollo
tecnológico en la sociedad y en el entorno, contextualizando sus aplicaciones en nuestra comunidad.</lom:string></lom:description><lom:language>es</lom:language></lom:educational><lom:rights uniqueElementName="rights"><lom:copyrightAndOtherRestrictions uniqueElementName="copyrightAndOtherRestrictions"><lom:source uniqueElementName="source">LOM-ESv1.0</lom:source><lom:value uniqueElementName="value">creative commons: attribution - non commercial - share alike</lom:value></lom:copyrightAndOtherRestrictions><lom:access uniqueElementName="access"><lom:accessType uniqueElementName="accessType"><lom:source uniqueElementName="source">LOM-ESv1.0</lom:source><lom:value uniqueElementName="value">universal</lom:value></lom:accessType><lom:description><lom:string language="en">Default</lom:string></lom:description></lom:access></lom:rights></lom:lom>
</metadata> 
<organizations default="eXertadaFeria647dbff3278bb0fc772">  
<organization identifier="eXertadaFeria647dbff3278bb0fc772" structure="hierarchical">  
<title>SdA Portada de Feria</title>
<item identifier="ITEM-eXertadaFeria647dbff3278bb0fc773" isvisible="true" identifierref="RES-eXertadaFeria647dbff3278bb0fc774">
    <title>Inicio</title>
<item identifier="ITEM-eXertadaFeria647dbff3278bb0fc775" isvisible="true" identifierref="RES-eXertadaFeria647dbff3278bb0fc776">
    <title>Guión del proyecto</title>
<item identifier="ITEM-eXertadaFeria647dbff3278bb0fc787" isvisible="true" identifierref="RES-eXertadaFeria647dbff3278bb0fc788">
    <title>Portfolio</title>
</item>
<item identifier="ITEM-eXertadaFeria647dbff3278bb0fc789" isvisible="true" identifierref="RES-eXertadaFeria647dbff3278bb0fc78a">
    <title>Tarea 1: circuitos eléctricos</title>
<item identifier="ITEM-eXertadaFeria647dbff3278bb0fc78b" isvisible="true" identifierref="RES-eXertadaFeria647dbff3278bb0fc78c">
    <title>Contenido para profesores</title>
</item>
</item>
<item identifier="ITEM-eXertadaFeria647dbff3278bb0fc78d" isvisible="true" identifierref="RES-eXertadaFeria647dbff3278bb0fc78e">
    <title>Tarea 2: circuitos electrónicos con Arduino</title>
<item identifier="ITEM-eXertadaFeria647dbff3278bb0fc79f" isvisible="true" identifierref="RES-eXertadaFeria647dbff3278bb0fc7910">
    <title>Contenido para profesores</title>
</item>
</item>
<item identifier="ITEM-eXertadaFeria647dbff3278bb0fc7911" isvisible="true" identifierref="RES-eXertadaFeria647dbff3278bb0fc7912">
    <title>Tarea 3: portada de Feria en 3D</title>
<item identifier="ITEM-eXertadaFeria647dbff3278bb0fc7a13" isvisible="true" identifierref="RES-eXertadaFeria647dbff3278bb0fc7a14">
    <title>Contenido para profesores</title>
</item>
</item>
<item identifier="ITEM-eXertadaFeria647dbff3278bb0fc7a15" isvisible="true" identifierref="RES-eXertadaFeria647dbff3278bb0fc7a16">
    <title>Tarea 4: estructura de la portada</title>
<item identifier="ITEM-eXertadaFeria647dbff3278bb0fc7b17" isvisible="true" identifierref="RES-eXertadaFeria647dbff3278bb0fc7b18">
    <title>Contenido para profesores</title>
</item>
</item>
<item identifier="ITEM-eXertadaFeria647dbff3278bb0fc7b19" isvisible="true" identifierref="RES-eXertadaFeria647dbff3278bb0fc7b1a">
    <title>Tarea 5: presentación proyecto técnico</title>
<item identifier="ITEM-eXertadaFeria647dbff3278bb0fc7b1b" isvisible="true" identifierref="RES-eXertadaFeria647dbff3278bb0fc7b1c">
    <title>Contenido para profesores</title>
</item>
</item>
<item identifier="ITEM-eXertadaFeria647dbff3278bb0fc7b1d" isvisible="true" identifierref="RES-eXertadaFeria647dbff3278bb0fc7b1e">
    <title>Actividad complementaria (tarea 6): uso responsable de la electricidad</title>
</item>
<item identifier="ITEM-eXertadaFeria647dbff3278bb0fc7c1f" isvisible="true" identifierref="RES-eXertadaFeria647dbff3278bb0fc7c20">
    <title>Ejemplos de las tareas realizadas por el alumando</title>
</item>
</item>
<item identifier="ITEM-eXertadaFeria647dbff3278bb0fc7c21" isvisible="true" identifierref="RES-eXertadaFeria647dbff3278bb0fc7c22">
    <title>Guía Didáctica. Desarrollo curricular. Descripción y Justificación</title>
<item identifier="ITEM-eXertadaFeria647dbff3278bb0fc7c23" isvisible="true" identifierref="RES-eXertadaFeria647dbff3278bb0fc7c24">
    <title>Prog. Séneca: Comp. Específicas, Descriptores, Criterios de Evaluación</title>
</item>
<item identifier="ITEM-eXertadaFeria647dbff3278bb0fc7c25" isvisible="true" identifierref="RES-eXertadaFeria647dbff3278bb0fc7c26">
    <title>Principios DUA seguidos en esta SdA</title>
</item>
<item identifier="ITEM-eXertadaFeria647dbff3278bb0fc7c27" isvisible="true" identifierref="RES-eXertadaFeria647dbff3278bb0fc7c28">
    <title>Mapa conceptual Tareas-Actividades-Ejercicios</title>
</item>
<item identifier="ITEM-eXertadaFeria647dbff3278bb0fc7c29" isvisible="true" identifierref="RES-eXertadaFeria647dbff3278bb0fc7c2a">
    <title>Línea temporal (7.1)</title>
</item>
<item identifier="ITEM-eXertadaFeria647dbff3278bb0fc7c2b" isvisible="true" identifierref="RES-eXertadaFeria647dbff3278bb0fc7c2c">
    <title>Esquema LOMLOE Tecnología Digitalización 3º ESO</title>
</item>
<item identifier="ITEM-eXertadaFeria647dbff3278bb0fc7c2d" isvisible="true" identifierref="RES-eXertadaFeria647dbff3278bb0fc7c2e">
    <title>Tareas &lt;-&gt; criterios de evaluación (6.1)</title>
</item>
<item identifier="ITEM-eXertadaFeria647dbff3278bb0fc7c2f" isvisible="true" identifierref="RES-eXertadaFeria647dbff3278bb0fc7c30">
    <title>Principales instrumentos de evaluación (8.1)</title>
</item>
</item>
<item identifier="ITEM-eXertadaFeria647dbff3278bb0fc7d31" isvisible="true" identifierref="RES-eXertadaFeria647dbff3278bb0fc7d32">
    <title>Créditos</title>
</item>
</item>
</organization>
</organizations>
<resources>
<resource identifier="RES-eXertadaFeria647dbff3278bb0fc774" type="webcontent"  adlcp:scormtype="sco" href="index.html"> 
 <file href="index.html"/>
    <file href="Portada_Feria_de_Abril_2013.jpeg"/>
<dependency identifierref="COMMON_FILES" /></resource>
<resource identifier="RES-eXertadaFeria647dbff3278bb0fc776" type="webcontent"  adlcp:scormtype="sco" href="guin_del_proyecto.html"> 
 <file href="guin_del_proyecto.html"/>
    <file href="colaboramosPortadaFeria.png"/>
    <file href="Kahoot_Logo.svg.png"/>
    <file href="feriaIluminada.jpg"/>
    <file href="padlet_blog_3001.png"/>
    <file href="tinkercad.jpg"/>
    <file href="common.js"/>
    <file href="Google_Drive_icon_(2020).svg.png"/>
    <file href="exequextaudio.png"/>
    <file href="exequextcursor.gif"/>
    <file href="exequextfirstr.png"/>
    <file href="exequextfull.png"/>
    <file href="exequexthits.png"/>
    <file href="exequextlastr.png"/>
    <file href="exequextlive.png"/>
    <file href="exequextlost.png"/>
    <file href="exequextmin.png"/>
    <file href="exequextmoveon.png"/>
    <file href="exequextnextr.png"/>
    <file href="exequextnormal.png"/>
    <file href="exequextnumber.png"/>
    <file href="exequextone.png"/>
    <file href="exequextpause.png"/>
    <file href="exequextplayvideo.png"/>
    <file href="exequextpreviousr.png"/>
    <file href="exequextreload.png"/>
    <file href="exequextreply.png"/>
    <file href="exequextrerrors.png"/>
    <file href="exequextroscomin.png"/>
    <file href="exequextscore.png"/>
    <file href="exequextsq.png"/>
    <file href="exequexttime.png"/>
    <file href="exequexttwo.png"/>
    <file href="exequextvideo.png"/>
    <file href="exequextwon.png"/>
    <file href="gameqp-activity.css"/>
    <file href="selecciona-activity.js"/>
    <file href="seleccionaHome.png"/>
    <file href="seleccionaIcon.png"/>
<dependency identifierref="COMMON_FILES" /></resource>
<resource identifier="RES-eXertadaFeria647dbff3278bb0fc788" type="webcontent"  adlcp:scormtype="sco" href="portfolio.html"> 
 <file href="portfolio.html"/>
<dependency identifierref="COMMON_FILES" /></resource>
<resource identifier="RES-eXertadaFeria647dbff3278bb0fc78a" type="webcontent"  adlcp:scormtype="sco" href="tarea_1_circuitos_elctricos.html"> 
 <file href="tarea_1_circuitos_elctricos.html"/>
    <file href="page-9Thumbnail.png"/>
    <file href="page-8Thumbnail.png"/>
    <file href="page-8.png"/>
    <file href="page-7.png"/>
    <file href="page-6.png"/>
    <file href="page-5.png"/>
    <file href="page-4.png"/>
    <file href="page-3.png"/>
    <file href="page-9.png"/>
    <file href="page-7Thumbnail.png"/>
    <file href="page-3Thumbnail.png"/>
    <file href="page-5Thumbnail.png"/>
    <file href="page-01.png"/>
    <file href="page-6Thumbnail.png"/>
    <file href="page-4Thumbnail.png"/>
    <file href="page-04.png"/>
    <file href="exe_lightbox.css"/>
    <file href="exe_lightbox.js"/>
    <file href="exe_lightbox_default_thumb.png"/>
    <file href="exe_lightbox_loader.gif"/>
    <file href="exe_lightbox_sprite.png"/>
    <file href="exe_lightbox_sprite_next.png"/>
    <file href="exe_lightbox_sprite_prev.png"/>
    <file href="exe_lightbox_sprite_x.png"/>
    <file href="exe_lightbox_sprite_y.png"/>
    <file href="udl-character-1.gif"/>
    <file href="udl-character-2.gif"/>
    <file href="udl-character-3.gif"/>
    <file href="udl-character-4.gif"/>
    <file href="udl-content.css"/>
    <file href="udl-content.js"/>
    <file href="udl-icons-sm.png"/>
    <file href="udl-icons.png"/>
<dependency identifierref="COMMON_FILES" /></resource>
<resource identifier="RES-eXertadaFeria647dbff3278bb0fc78c" type="webcontent"  adlcp:scormtype="sco" href="contenido_para_profesores.html"> 
 <file href="contenido_para_profesores.html"/>
    <file href="Fichas electricidad.pdf"/>
    <file href="Acceso a tinkercad.pdf"/>
<dependency identifierref="COMMON_FILES" /></resource>
<resource identifier="RES-eXertadaFeria647dbff3278bb0fc78e" type="webcontent"  adlcp:scormtype="sco" href="tarea_2_circuitos_electrnicos_con_arduino.html"> 
 <file href="tarea_2_circuitos_electrnicos_con_arduino.html"/>
    <file href="page-01.1.png"/>
    <file href="page-05.png"/>
    <file href="exequextaudio.png"/>
    <file href="exequextcursor.gif"/>
    <file href="exequextfull.png"/>
    <file href="exequexthits.png"/>
    <file href="exequextlive.png"/>
    <file href="exequextlost.png"/>
    <file href="exequextmin.png"/>
    <file href="exequextmoveon.png"/>
    <file href="exequextnormal.png"/>
    <file href="exequextnumber.png"/>
    <file href="exequextone.png"/>
    <file href="exequextpause.png"/>
    <file href="exequextplayvideo.png"/>
    <file href="exequextreload.png"/>
    <file href="exequextreply.png"/>
    <file href="exequextrerrors.png"/>
    <file href="exequextrosco.png"/>
    <file href="exequextroscomin.png"/>
    <file href="exequextroscorows.png"/>
    <file href="exequextscore.png"/>
    <file href="exequexttime.png"/>
    <file href="exequexttwo.png"/>
    <file href="exequextvideo.png"/>
    <file href="exequextwon.png"/>
    <file href="rosco-activity.css"/>
    <file href="rosco-activity.js"/>
    <file href="rosco-icon.png"/>
    <file href="roscoHome.png"/>
    <file href="roscoHomeImage.png"/>
<dependency identifierref="COMMON_FILES" /></resource>
<resource identifier="RES-eXertadaFeria647dbff3278bb0fc7910" type="webcontent"  adlcp:scormtype="sco" href="contenido_para_profesores0.html"> 
 <file href="contenido_para_profesores0.html"/>
    <file href="Fichas ARDUINO.pdf"/>
<dependency identifierref="COMMON_FILES" /></resource>
<resource identifier="RES-eXertadaFeria647dbff3278bb0fc7912" type="webcontent"  adlcp:scormtype="sco" href="tarea_3_portada_de_feria_en_3d.html"> 
 <file href="tarea_3_portada_de_feria_en_3d.html"/>
    <file href="page-06.png"/>
    <file href="udl-character-1.gif"/>
    <file href="udl-character-2.gif"/>
    <file href="udl-character-3.gif"/>
    <file href="udl-character-4.gif"/>
    <file href="udl-content.css"/>
    <file href="udl-content.js"/>
    <file href="udl-icons-sm.png"/>
    <file href="udl-icons.png"/>
<dependency identifierref="COMMON_FILES" /></resource>
<resource identifier="RES-eXertadaFeria647dbff3278bb0fc7a14" type="webcontent"  adlcp:scormtype="sco" href="contenido_para_profesores1.html"> 
 <file href="contenido_para_profesores1.html"/>
    <file href="portada_aurelio.stl"/>
<dependency identifierref="COMMON_FILES" /></resource>
<resource identifier="RES-eXertadaFeria647dbff3278bb0fc7a16" type="webcontent"  adlcp:scormtype="sco" href="tarea_4_estructura_de_la_portada.html"> 
 <file href="tarea_4_estructura_de_la_portada.html"/>
    <file href="page-07.png"/>
    <file href="instruccionesEstructuraPortada.pdf"/>
<dependency identifierref="COMMON_FILES" /></resource>
<resource identifier="RES-eXertadaFeria647dbff3278bb0fc7b18" type="webcontent"  adlcp:scormtype="sco" href="contenido_para_profesores2.html"> 
 <file href="contenido_para_profesores2.html"/>
<dependency identifierref="COMMON_FILES" /></resource>
<resource identifier="RES-eXertadaFeria647dbff3278bb0fc7b1a" type="webcontent"  adlcp:scormtype="sco" href="tarea_5_presentacin_proyecto_tcnico.html"> 
 <file href="tarea_5_presentacin_proyecto_tcnico.html"/>
    <file href="page-08.png"/>
    <file href="common.js"/>
<dependency identifierref="COMMON_FILES" /></resource>
<resource identifier="RES-eXertadaFeria647dbff3278bb0fc7b1c" type="webcontent"  adlcp:scormtype="sco" href="contenido_para_profesores3.html"> 
 <file href="contenido_para_profesores3.html"/>
    <file href="common.js"/>
<dependency identifierref="COMMON_FILES" /></resource>
<resource identifier="RES-eXertadaFeria647dbff3278bb0fc7b1e" type="webcontent"  adlcp:scormtype="sco" href="actividad_complementaria_tarea_6_uso_responsable_de_la_electricidad.html"> 
 <file href="actividad_complementaria_tarea_6_uso_responsable_de_la_electricidad.html"/>
    <file href="page-09.png"/>
<dependency identifierref="COMMON_FILES" /></resource>
<resource identifier="RES-eXertadaFeria647dbff3278bb0fc7c20" type="webcontent"  adlcp:scormtype="sco" href="ejemplos_de_las_tareas_realizadas_por_el_alumando.html"> 
 <file href="ejemplos_de_las_tareas_realizadas_por_el_alumando.html"/>
    <file href="fichaArduino.png"/>
    <file href="fisha_3.png"/>
    <file href="circuitoArduino1.png"/>
    <file href="20230428_120145.jpg"/>
    <file href="portada4.png"/>
    <file href="estructuras.png"/>
    <file href="portada2.png"/>
    <file href="portada3.png"/>
    <file href="portada1.png"/>
    <file href="20230428_122752.jpg"/>
    <file href="circuitoElectrico1.png"/>
    <file href="circuitoElectrico2.png"/>
<dependency identifierref="COMMON_FILES" /></resource>
<resource identifier="RES-eXertadaFeria647dbff3278bb0fc7c22" type="webcontent"  adlcp:scormtype="sco" href="gua_didctica_desarrollo_curricular_descripcin_y_justificacin.html"> 
 <file href="gua_didctica_desarrollo_curricular_descripcin_y_justificacin.html"/>
<dependency identifierref="COMMON_FILES" /></resource>
<resource identifier="RES-eXertadaFeria647dbff3278bb0fc7c24" type="webcontent"  adlcp:scormtype="sco" href="prog_sneca_comp_especficas_descriptores_criterios_de_evaluacin.html"> 
 <file href="prog_sneca_comp_especficas_descriptores_criterios_de_evaluacin.html"/>
    <file href="Programacion_PortadaFeria.pdf"/>
<dependency identifierref="COMMON_FILES" /></resource>
<resource identifier="RES-eXertadaFeria647dbff3278bb0fc7c26" type="webcontent"  adlcp:scormtype="sco" href="principios_dua_seguidos_en_esta_sda.html"> 
 <file href="principios_dua_seguidos_en_esta_sda.html"/>
<dependency identifierref="COMMON_FILES" /></resource>
<resource identifier="RES-eXertadaFeria647dbff3278bb0fc7c28" type="webcontent"  adlcp:scormtype="sco" href="mapa_conceptual_tareasactividadesejercicios.html"> 
 <file href="mapa_conceptual_tareasactividadesejercicios.html"/>
    <file href="Diseno portada de feriaThumbnail.png"/>
    <file href="Diseno portada de feria.png"/>
    <file href="Diseno portada de feria.pdf"/>
    <file href="exe_lightbox.css"/>
    <file href="exe_lightbox.js"/>
    <file href="exe_lightbox_default_thumb.png"/>
    <file href="exe_lightbox_loader.gif"/>
    <file href="exe_lightbox_sprite.png"/>
    <file href="exe_lightbox_sprite_next.png"/>
    <file href="exe_lightbox_sprite_prev.png"/>
    <file href="exe_lightbox_sprite_x.png"/>
    <file href="exe_lightbox_sprite_y.png"/>
<dependency identifierref="COMMON_FILES" /></resource>
<resource identifier="RES-eXertadaFeria647dbff3278bb0fc7c2a" type="webcontent"  adlcp:scormtype="sco" href="lnea_temporal_71.html"> 
 <file href="lnea_temporal_71.html"/>
    <file href="timeLine.png"/>
<dependency identifierref="COMMON_FILES" /></resource>
<resource identifier="RES-eXertadaFeria647dbff3278bb0fc7c2c" type="webcontent"  adlcp:scormtype="sco" href="esquema_lomloe_tecnologa_digitalizacin_3_eso.html"> 
 <file href="esquema_lomloe_tecnologa_digitalizacin_3_eso.html"/>
    <file href="esquema_programacion5-1Thumbnail.png"/>
    <file href="esquema_programacion6-1Thumbnail.png"/>
    <file href="esquema_programacion2-1.png"/>
    <file href="esquema_programacion7-1.png"/>
    <file href="esquema_programacion6-1.png"/>
    <file href="esquema_programacion7-1Thumbnail.png"/>
    <file href="esquema_programacion4-1.png"/>
    <file href="esquema_programacion3-1Thumbnail.png"/>
    <file href="esquema_programacion-1Thumbnail.png"/>
    <file href="esquema_programacion.pdf"/>
    <file href="esquema_programacion2-1Thumbnail.png"/>
    <file href="esquema_programacion8-1Thumbnail.png"/>
    <file href="esquema_programacion-1.png"/>
    <file href="esquema_programacion4-1Thumbnail.png"/>
    <file href="esquema_programacion8-1.png"/>
    <file href="esquema_programacion5-1.png"/>
    <file href="esquema_programacion3-1.png"/>
    <file href="exe_lightbox.css"/>
    <file href="exe_lightbox.js"/>
    <file href="exe_lightbox_default_thumb.png"/>
    <file href="exe_lightbox_loader.gif"/>
    <file href="exe_lightbox_sprite.png"/>
    <file href="exe_lightbox_sprite_next.png"/>
    <file href="exe_lightbox_sprite_prev.png"/>
    <file href="exe_lightbox_sprite_x.png"/>
    <file href="exe_lightbox_sprite_y.png"/>
<dependency identifierref="COMMON_FILES" /></resource>
<resource identifier="RES-eXertadaFeria647dbff3278bb0fc7c2e" type="webcontent"  adlcp:scormtype="sco" href="tareas__criterios_de_evaluacin_61.html"> 
 <file href="tareas__criterios_de_evaluacin_61.html"/>
<dependency identifierref="COMMON_FILES" /></resource>
<resource identifier="RES-eXertadaFeria647dbff3278bb0fc7c30" type="webcontent"  adlcp:scormtype="sco" href="principales_instrumentos_de_evaluacin_81.html"> 
 <file href="principales_instrumentos_de_evaluacin_81.html"/>
    <file href="Ejemplo.png"/>
<dependency identifierref="COMMON_FILES" /></resource>
<resource identifier="RES-eXertadaFeria647dbff3278bb0fc7d32" type="webcontent"  adlcp:scormtype="sco" href="crditos.html"> 
 <file href="crditos.html"/>
<dependency identifierref="COMMON_FILES" /></resource>
  <resource identifier="COMMON_FILES" type="webcontent" adlcp:scormtype="asset">
    <file href="content.css"/>
    <file href="icon_udl_exp_interactivo.svg"/>
    <file href="_escolares_licenses.gif"/>
    <file href="icon_udl_rep_adjunto.svg"/>
    <file href="icon_udl_eng_rss.svg"/>
    <file href="icon_udl_exp_actividad.svg"/>
    <file href="icon_udl_eng_orientaciones.svg"/>
    <file href="icon_udl_eng_descarga.svg"/>
    <file href="icon_udl_rep_lecturafacil.svg"/>
    <file href="nav.css"/>
    <file href="icon_udl_rep_fonetica.svg"/>
    <file href="_escolares_bg.png"/>
    <file href="icon_udl_exp_tareagrupal.svg"/>
    <file href="icon_udl_exp_mediacion.svg"/>
    <file href="icon_udl_rep_lee.svg"/>
    <file href="icon_udl_rep_reflexion.svg"/>
    <file href="icon_udl_exp_grupohomogeneo.svg"/>
    <file href="icon_udl_eng_aprenderaprender.svg"/>
    <file href="icon_udl_eng_reto.svg"/>
    <file href="icon_udl_eng_saber.svg"/>
    <file href="icon_udl_rep_mediar.svg"/>
    <file href="config.xml"/>
    <file href="icon_udl_rep_caso.svg"/>
    <file href="icon_udl_rep_pasos.svg"/>
    <file href="icon_udl_exp_tarea.svg"/>
    <file href="icon_udl_eng_rubrica.svg"/>
    <file href="icon_udl_exp_canto.svg"/>
    <file href="icon_udl_exp_lee.svg"/>
    <file href="icon_udl_exp_musica.svg"/>
    <file href="icon_udl_exp_escucha.svg"/>
    <file href="_escolares_nav_icons.png"/>
    <file href="icon_udl_rep_conocer.svg"/>
    <file href="_escolares_icons.png"/>
    <file href="icon_udl_rep_gramatica.svg"/>
    <file href="icon_udl_exp_lenguasignos.svg"/>
    <file href="icon_udl_rep_nota.svg"/>
    <file href="icon_udl_exp_debate.svg"/>
    <file href="icon_udl_rep_galeria.svg"/>
    <file href="icon_udl_rep_informarse.svg"/>
    <file href="icon_udl_exp_manipula.svg"/>
    <file href="icon_udl_rep_importante.svg"/>
    <file href="_escolares_menu.gif"/>
    <file href="_escolares_js.js"/>
    <file href="icon_emociones.svg"/>
    <file href="icon_udl_exp_grupoheterogeneo.svg"/>
    <file href="icon_udl_rep_recomienda.svg"/>
    <file href="icon_udl_eng_temporalizacion.svg"/>
    <file href="icon_udl_eng_curiosidad.svg"/>
    <file href="icon_udl_exp_practicamusical.svg"/>
    <file href="_escolares_logo.png"/>
    <file href="icon_udl_rep_destacado.svg"/>
    <file href="icon_udl_eng_culturales.svg"/>
    <file href="icon_udl_exp_habla.svg"/>
    <file href="icon_udl_exp_juego.svg"/>
    <file href="icon_udl_rep_ejemplo.svg"/>
    <file href="icon_udl_rep_lenguasignos.svg"/>
    <file href="icon_udl_rep_escucha.svg"/>
    <file href="Atkinson-Hyperlegible-Regular-102a.woff2"/>
    <file href="icon_udl_rep_apoyovisual.svg"/>
    <file href="icon_udl_exp_graba.svg"/>
    <file href="icon_udl_exp_coproduccionoral.svg"/>
    <file href="icon_udl_rep_redessemanticas.svg"/>
    <file href="icon_udl_exp_competenciadigital.svg"/>
    <file href="icon_udl_rep_vocabulario.svg"/>
    <file href="icon_udl_rep_reproduccion.svg"/>
    <file href="icon_udl_exp_escribe.svg"/>
    <file href="icon_udl_eng_objetivos.svg"/>
    <file href="icon_udl_exp_ejercicio.svg"/>
    <file href="icon_udl_exp_coproducciontxt.svg"/>
    <file href="_escolares_left_column.gif"/>
    <file href="icon_udl_exp_cuestionario.svg"/>
    <file href="base.css"/>
    <file href="popup_bg.gif"/>
    <file href="exe_powered_logo.png"/>
    <file href="SCORM_API_wrapper.js"/>
    <file href="SCOFunctions.js"/>
    <file href="common.js"/>
    <file href="common_i18n.js"/>
    <file href="exe_jquery.js"/>
    <file href="content.xsd"/>
    <file href="content.data"/>
    <file href="contentv3.xml"/>
    <file href="imslrm.xml"/>
    <file href="exe_html5.js"/>
    <file href="imscp_v1p1.xsd"/>
    <file href="imsmd_v1p2p2.xsd"/>
    <file href="lom.xsd"/>
    <file href="lomCustom.xsd"/>
    <file href="ims_xml.xsd"/>
  </resource>
</resources>
</manifest>
